{"stat.flyOneCm":8751,"stat.walkOneCm":3200,"stat.drop":1,"stat.jump":77,"stat.drop.elevatorid.BlockElevator":1,"stat.pickup.elevatorid.BlockElevator":1,"stat.playOneMinute":10059,"achievement.openInventory":8,"stat.fallOneCm":1672,"stat.leaveGame":1,"stat.sneakTime":12,"stat.craftItem.elevatorid.BlockElevator":1,"stat.timeSinceDeath":10059,"stat.useItem.minecraft.crafting_table":1,"stat.sprintOneCm":6541,"achievement.exploreAllBiomes":{"value":0,"progress":["Plains"]},"stat.craftingTableInteraction":1}